Workbook

Sheet Monthly Data
A1: category | B1: month | C1: order_count | D1: total_revenue | E1: avg_revenue
A2: Bakery | B2: 46023 | C2: 6 | D2: 735 | E2: 122.5
A3: Bakery | B3: 46054 | C3: 8 | D3: 2440 | E3: 305
A4: Bakery | B4: 46082 | C4: 11 | D4: 3090 | E4: 280.90909
A5: Bakery | B5: 46113 | C5: 13 | D5: 3115 | E5: 239.61538
A6: Bakery | B6: 46143 | C6: 15 | D6: 3695 | E6: 246.33333
A7: Bakery | B7: 46174 | C7: 14 | D7: 2335 | E7: 166.78571
A8: Dairy & Eggs | B8: 46023 | C8: 9 | D8: 2035 | E8: 226.11111
A9: Dairy & Eggs | B9: 46054 | C9: 8 | D9: 1935 | E9: 241.875
A10: Dairy & Eggs | B10: 46082 | C10: 15 | D10: 3163 | E10: 210.86667
A11: Dairy & Eggs | B11: 46113 | C11: 9 | D11: 1650 | E11: 183.33333
A12: Dairy & Eggs | B12: 46143 | C12: 14 | D12: 3479 | E12: 248.5
A13: Dairy & Eggs | B13: 46174 | C13: 11 | D13: 1828 | E13: 166.18182
... A37: Snacks & Beverages | B37: 46174 | C37: 15 | D37: 1960 | E37: 130.66667

Sheet Pivot

Sheet Category Summary
A1: category | B1: total_revenue | C1: target_revenue_inr | D1: variance | E1: percentage_variance | F1: status_tag | G1: matches_sql
A2: Fruits & Vegetables | B2: =VLOOKUP(A2, Pivot!A:B, 2, FALSE) -> 9790 | C2: {=_xlfn.XLOOKUP(A2, 'Category Targets'!A:A, 'Category Targets'!B:B, "Not Found")} -> 12000 | D2: =C2-B2 -> 2210 | E2: =((B2-C2)/C2)*100 -> -18.416667 | F2: =IF(B2>=C2, "Above Target", IF(((C2-B2)/C2)*100<=15, "Below Target - Watch", "Below Target - Critical")) -> Below Target - Critical | G2: Yes
A3: Dairy & Eggs | B3: =VLOOKUP(A3, Pivot!A:B, 2, FALSE) -> 14090 | C3: {=_xlfn.XLOOKUP(A3, 'Category Targets'!A:A, 'Category Targets'!B:B, "Not Found")} -> 16500 | D3: =C3-B3 -> 2410 | E3: =((B3-C3)/C3)*100 -> -14.606061 | F3: =IF(B3>=C3, "Above Target", IF(((C3-B3)/C3)*100<=15, "Below Target - Watch", "Below Target - Critical")) -> Below Target - Watch | G3: Yes
A4: Snacks & Beverages | B4: =VLOOKUP(A4, Pivot!A:B, 2, FALSE) -> 10895 | C4: {=_xlfn.XLOOKUP(A4, 'Category Targets'!A:A, 'Category Targets'!B:B, "Not Found")} -> 13000 | D4: =C4-B4 -> 2105 | E4: =((B4-C4)/C4)*100 -> -16.192308 | F4: =IF(B4>=C4, "Above Target", IF(((C4-B4)/C4)*100<=15, "Below Target - Watch", "Below Target - Critical")) -> Below Target - Critical | G4: Yes
A5: Personal Care | B5: =VLOOKUP(A5, Pivot!A:B, 2, FALSE) -> 16382 | C5: {=_xlfn.XLOOKUP(A5, 'Category Targets'!A:A, 'Category Targets'!B:B, "Not Found")} -> 15500 | D5: =C5-B5 -> -882 | E5: =((B5-C5)/C5)*100 -> 5.6903226 | F5: =IF(B5>=C5, "Above Target", IF(((C5-B5)/C5)*100<=15, "Below Target - Watch", "Below Target - Critical")) -> Above Target | G5: Yes
A6: Household Essentials | B6: =VLOOKUP(A6, Pivot!A:B, 2, FALSE) -> 21715 | C6: {=_xlfn.XLOOKUP(A6, 'Category Targets'!A:A, 'Category Targets'!B:B, "Not Found")} -> 17000 | D6: =C6-B6 -> -4715 | E6: =((B6-C6)/C6)*100 -> 27.735294 | F6: =IF(B6>=C6, "Above Target", IF(((C6-B6)/C6)*100<=15, "Below Target - Watch", "Below Target - Critical")) -> Above Target | G6: Yes
A7: Bakery | B7: =VLOOKUP(A7, Pivot!A:B, 2, FALSE) -> 15410 | C7: {=_xlfn.XLOOKUP(A7, 'Category Targets'!A:A, 'Category Targets'!B:B, "Not Found")} -> 12000 | D7: =C7-B7 -> -3410 | E7: =((B7-C7)/C7)*100 -> 28.416667 | F7: =IF(B7>=C7, "Above Target", IF(((C7-B7)/C7)*100<=15, "Below Target - Watch", "Below Target - Critical")) -> Above Target | G7: Yes

Sheet Category Targets
A1: category | B1: target_revenue_inr
A2: Fruits & Vegetables | B2: 12000
A3: Dairy & Eggs | B3: 16500
A4: Snacks & Beverages | B4: 13000
A5: Personal Care | B5: 15500
A6: Household Essentials | B6: 17000
A7: Bakery | B7: 12000
